北京,天津,石家庄,唐山,秦皇岛,邯郸,保定,张家口,承德,廊坊,沧州,衡水,邢台,太原,呼和浩特,沈阳,大连,长春,哈尔滨,上海,南京,苏州,南通,连云港,徐州,扬州,无锡,常州,镇江,泰州,淮安,盐城,宿迁,杭州,宁波,温州,绍兴,湖州,嘉兴,台州,舟山,金华,衢州,丽水,合肥,福州,厦门,南昌,济南,青岛,郑州,武汉,长沙,广州,深圳,珠海,佛山,中山,江门,东莞,惠州,肇庆,南宁,海口,重庆,成都,贵阳,昆明,拉萨,西安,兰州,西宁,银川,乌鲁木齐,湘潭,株洲,包头,鄂尔多斯,营口,盘锦,泉州,莱芜,临沂,德州,聊城,滨州,淄博,枣庄,烟台,潍坊,济宁,泰安,日照,威海,东营,韶关,汕头,湛江,茂名,梅州,汕尾,阳江,清远,潮州,云浮,玉溪,菏泽,大同,长治,临汾,阳泉,赤峰,鞍山,抚顺,本溪,锦州,吉林,齐齐哈尔,牡丹江,大庆,芜湖,马鞍山,九江,洛阳,安阳,开封,焦作,平顶山,三门峡,宜昌,荆州,岳阳,常德,张家界,桂林,北海,柳州,三亚,绵阳,宜宾,攀枝花,泸州,自贡,德阳,南充,遵义,曲靖,咸阳,铜川,延安,宝鸡,渭南,金昌,嘉峪关,石嘴山,克拉玛依,库尔勒,寿光,章丘,即墨,胶南,胶州,莱西,平度,蓬莱,招远,莱州,荣成,文登,乳山,吴江,昆山,常熟,张家港,太仓,句容,江阴,宜兴,金坛,溧阳,海门,临安,富阳,义乌,诸暨,瓦房店,信阳,周口,漳州,晋城,朔州,晋中,运城,忻州,吕梁,乌海,通辽,呼伦贝尔,巴彦淖尔,乌兰察布,兴安盟,锡林郭勒盟,阿拉善盟,阜新,铁岭,四平,辽源,通化,白山,松原,白城,延边州,鸡西,鹤岗,双鸭山,伊春,佳木斯,七台河,黑河,绥化,大兴安岭地区,蚌埠,淮南,淮北,铜陵,安庆,黄山,滁州,阜阳,宿州,六安,亳州,池州,宣城,莆田,三明,南平,龙岩,宁德,景德镇,萍乡,新余,鹰潭,赣州,吉安,宜春,抚州,上饶,鹤壁,新乡,濮阳,许昌,漯河,南阳,商丘,驻马店,黄石,十堰,鄂州,荆门,孝感,黄冈,咸宁,随州,恩施州,衡阳,邵阳,益阳,郴州,永州,怀化,娄底,湘西州,梧州,防城港,钦州,贵港,玉林,百色,贺州,河池,来宾,崇左,广元,遂宁,内江,乐山,眉山,广安,达州,雅安,巴中,资阳,阿坝州,甘孜州,凉山州,六盘水,安顺,铜仁地区,毕节,黔西南州,黔东南州,黔南州,保山,昭通,丽江,临沧,楚雄州,红河州,文山州,西双版纳州,大理州,德宏州,怒江州,迪庆州,昌都地区,山南地区,日喀则地区,那曲地区,阿里地区,林芝地区,汉中,榆林,安康,商洛,白银,天水,武威,张掖,平凉,酒泉,庆阳,定西,陇南,临夏州,甘南州,海东地区,海北州,黄南州,海南州,果洛州,玉树州,海西州,吴忠,中卫,固原,吐鲁番地区,哈密地区,昌吉州,博州,阿克苏地区,喀什地区,和田地区,伊犁哈萨克州,塔城地区,阿勒泰地区,石河子,五家渠,克州,普洱,襄阳,葫芦岛,河源,揭阳,辽阳,朝阳,丹东
12.0,13.0,32.0,20.0,32.0,84.0,30.0,14.0,11.0,6.0,36.0,36.0,144.0,21.0,12.0,16.0,23.0,12.0,16.0,137.0,254.0,174.0,283.0,143.0,214.0,234.0,199.0,228.0,227.0,300.0,201.0,189.0,110.0,86.0,107.0,110.0,118.0,211.0,132.0,77.0,47.0,260.0,120.0,155.0,254.0,107.0,101.0,68.0,113.0,61.0,237.0,192.0,153.0,79.0,37.0,44.0,90.0,36.0,62.0,50.0,35.0,107.0,31.0,13.0,101.0,181.0,67.0,16.0,13.0,46.0,28.0,34.0,52.0,89.0,156.0,200.0,21.0,15.0,7.0,25.0,103.0,219.0,209.0,25.0,79.0,76.0,147.0,198.0,11.0,18.0,132.0,110.0,126.0,11.0,18.0,145.0,143.0,17.0,21.0,77.0,63.0,31.0,132.0,159.0,38.0,28.0,401.0,16.0,92.0,46.0,17.0,13.0,19.0,8.0,11.0,3.0,9.0,10.0,29.0,17.0,164.0,251.0,93.0,216.0,151.0,308.0,460.0,255.0,29.0,354.0,144.0,77.0,95.0,122.0,133.0,21.0,104.0,35.0,40.0,44.0,19.0,86.0,52.0,131.0,145.0,69.0,21.0,30.0,32.0,48.0,31.0,32.0,26.0,30.0,39.0,19.0,99.0,25.0,162.0,33.0,113.0,37.0,9.0,5.0,10.0,10.0,15.0,21.0,7.0,13.0,166.0,153.0,179.0,242.0,184.0,242.0,276.0,159.0,169.0,191.0,242.0,64.0,105.0,206.0,159.0,27.0,334.0,414.0,127.0,59.0,27.0,15.0,36.0,16.0,80.0,66.0,24.0,27.0,47.0,29.0,13.0,9.0,33.0,9.0,15.0,8.0,12.0,15.0,15.0,6.0,23.0,16.0,8.0,112.0,66.0,105.0,53.0,54.0,28.0,9.0,6.0,205.0,111.0,197.0,173.0,80.0,92.0,241.0,143.0,121.0,151.0,187.0,174.0,199.0,121.0,91.0,85.0,60.0,94.0,123.0,163.0,106.0,119.0,86.0,48.0,91.0,78.0,92.0,169.0,90.0,44.0,202.0,261.0,229.0,257.0,274.0,127.0,68.0,141.0,153.0,179.0,126.0,139.0,169.0,153.0,105.0,88.0,188.0,79.0,177.0,56.0,134.0,81.0,94.0,23.0,56.0,109.0,106.0,70.0,116.0,65.0,97.0,118.0,6.0,134.0,56.0,131.0,100.0,56.0,86.0,93.0,11.0,123.0,33.0,21.0,14.0,45.0,29.0,41.0,14.0,68.0,58.0,19.0,49.0,42.0,10.0,44.0,34.0,46.0,58.0,59.0,29.0,12.0,10.0,13.0,,25.0,49.0,77.0,37.0,13.0,7.0,16.0,148.0,35.0,46.0,92.0,214.0,90.0,71.0,94.0,42.0,49.0,39.0,145.0,31.0,40.0,87.0,43.0,107.0,53.0,4.0,39.0,53.0,55.0,53.0,154.0,62.0,127.0,73.0,46.0,110.0,100.0,99.0,29.0,14.0,100.0,37.0,,,,11.0,56.0,126.0,10.0,10.0,22.0
9.0,10.0,37.0,18.0,33.0,75.0,41.0,20.0,8.0,5.0,28.0,35.0,143.0,17.0,10.0,15.0,19.0,12.0,15.0,177.0,283.0,192.0,301.0,154.0,214.0,230.0,224.0,263.0,253.0,276.0,170.0,170.0,89.0,93.0,108.0,94.0,102.0,233.0,166.0,80.0,72.0,257.0,129.0,147.0,268.0,97.0,96.0,59.0,129.0,38.0,176.0,215.0,140.0,81.0,38.0,48.0,80.0,35.0,58.0,51.0,35.0,98.0,30.0,12.0,83.0,163.0,56.0,14.0,13.0,46.0,29.0,34.0,41.0,91.0,144.0,170.0,17.0,17.0,6.0,23.0,147.0,154.0,210.0,23.0,31.0,50.0,95.0,193.0,12.0,17.0,98.0,113.0,119.0,13.0,17.0,143.0,163.0,15.0,21.0,76.0,66.0,35.0,134.0,146.0,38.0,27.0,344.0,17.0,90.0,46.0,16.0,13.0,21.0,8.0,11.0,3.0,8.0,8.0,29.0,15.0,175.0,268.0,94.0,234.0,111.0,238.0,471.0,156.0,30.0,340.0,149.0,82.0,106.0,117.0,123.0,17.0,98.0,15.0,24.0,44.0,24.0,85.0,55.0,93.0,132.0,65.0,19.0,35.0,30.0,41.0,31.0,36.0,27.0,36.0,31.0,18.0,104.0,21.0,157.0,24.0,49.0,22.0,12.0,9.0,12.0,10.0,13.0,25.0,6.0,9.0,172.0,178.0,240.0,287.0,212.0,257.0,299.0,178.0,190.0,190.0,271.0,67.0,100.0,216.0,114.0,28.0,360.0,336.0,132.0,70.0,20.0,14.0,40.0,19.0,99.0,74.0,23.0,25.0,41.0,21.0,12.0,9.0,30.0,9.0,13.0,7.0,9.0,19.0,19.0,6.0,25.0,14.0,6.0,100.0,67.0,90.0,47.0,53.0,25.0,7.0,11.0,201.0,105.0,190.0,180.0,83.0,79.0,249.0,135.0,119.0,163.0,182.0,190.0,184.0,110.0,85.0,82.0,64.0,87.0,120.0,189.0,112.0,111.0,89.0,51.0,73.0,69.0,85.0,142.0,81.0,28.0,168.0,229.0,216.0,221.0,277.0,139.0,62.0,162.0,132.0,174.0,145.0,146.0,177.0,108.0,87.0,85.0,172.0,89.0,134.0,71.0,108.0,86.0,94.0,28.0,52.0,100.0,92.0,69.0,137.0,58.0,93.0,114.0,5.0,97.0,61.0,103.0,133.0,46.0,66.0,77.0,10.0,106.0,40.0,28.0,15.0,32.0,27.0,43.0,16.0,77.0,57.0,20.0,53.0,37.0,9.0,45.0,19.0,43.0,74.0,56.0,30.0,13.0,9.0,17.0,,11.0,46.0,69.0,37.0,10.0,8.0,15.0,137.0,33.0,54.0,91.0,128.0,63.0,67.0,73.0,32.0,47.0,38.0,153.0,27.0,50.0,86.0,51.0,70.0,44.0,4.0,35.0,55.0,75.0,51.0,190.0,78.0,119.0,63.0,79.0,187.0,142.0,80.0,31.0,11.0,89.0,38.0,,,,12.0,53.0,130.0,9.0,8.0,19.0
12.0,10.0,41.0,18.0,41.0,61.0,45.0,22.0,11.0,4.0,26.0,31.0,88.0,15.0,12.0,15.0,17.0,11.0,14.0,214.0,296.0,219.0,289.0,138.0,186.0,199.0,252.0,281.0,259.0,237.0,131.0,136.0,93.0,106.0,113.0,84.0,109.0,233.0,201.0,75.0,98.0,254.0,125.0,134.0,275.0,95.0,98.0,70.0,99.0,23.0,150.0,248.0,132.0,96.0,39.0,48.0,79.0,38.0,58.0,52.0,35.0,99.0,31.0,11.0,67.0,126.0,45.0,13.0,9.0,42.0,27.0,34.0,39.0,91.0,139.0,143.0,17.0,19.0,6.0,22.0,161.0,62.0,102.0,22.0,21.0,37.0,79.0,172.0,13.0,13.0,92.0,103.0,64.0,10.0,15.0,139.0,161.0,14.0,27.0,82.0,68.0,40.0,140.0,139.0,37.0,25.0,177.0,17.0,87.0,46.0,18.0,10.0,21.0,9.0,11.0,2.0,9.0,9.0,29.0,13.0,178.0,284.0,96.0,225.0,89.0,182.0,291.0,170.0,28.0,236.0,147.0,90.0,100.0,115.0,122.0,14.0,90.0,18.0,13.0,41.0,25.0,60.0,48.0,47.0,103.0,46.0,16.0,32.0,27.0,36.0,26.0,31.0,30.0,28.0,28.0,21.0,81.0,22.0,108.0,15.0,23.0,8.0,12.0,11.0,9.0,12.0,16.0,16.0,6.0,8.0,198.0,208.0,260.0,292.0,253.0,280.0,326.0,213.0,211.0,193.0,273.0,81.0,93.0,237.0,91.0,24.0,385.0,298.0,140.0,75.0,15.0,12.0,42.0,24.0,90.0,60.0,22.0,26.0,33.0,16.0,18.0,6.0,35.0,9.0,23.0,9.0,9.0,17.0,18.0,5.0,29.0,8.0,8.0,93.0,62.0,70.0,47.0,48.0,16.0,9.0,4.0,189.0,104.0,181.0,201.0,92.0,84.0,259.0,136.0,116.0,168.0,170.0,224.0,178.0,89.0,80.0,78.0,60.0,80.0,115.0,187.0,109.0,95.0,89.0,55.0,71.0,62.0,82.0,107.0,57.0,10.0,163.0,207.0,188.0,205.0,252.0,157.0,58.0,186.0,135.0,196.0,163.0,149.0,200.0,58.0,99.0,107.0,165.0,101.0,108.0,81.0,102.0,85.0,89.0,28.0,53.0,92.0,87.0,69.0,152.0,53.0,87.0,113.0,8.0,59.0,54.0,68.0,144.0,41.0,57.0,57.0,8.0,73.0,34.0,31.0,18.0,28.0,22.0,44.0,18.0,71.0,56.0,23.0,46.0,36.0,8.0,42.0,15.0,40.0,60.0,51.0,31.0,21.0,10.0,8.0,,27.0,28.0,68.0,22.0,8.0,8.0,14.0,136.0,34.0,56.0,77.0,124.0,56.0,55.0,72.0,25.0,42.0,38.0,217.0,28.0,47.0,97.0,42.0,61.0,37.0,6.0,48.0,55.0,69.0,39.0,171.0,95.0,115.0,53.0,200.0,147.0,90.0,62.0,23.0,9.0,72.0,36.0,,,,11.0,59.0,137.0,8.0,5.0,19.0
8.0,9.0,44.0,22.0,11.0,57.0,53.0,24.0,14.0,6.0,25.0,34.0,85.0,15.0,17.0,14.0,16.0,10.0,14.0,254.0,282.0,248.0,248.0,67.0,140.0,142.0,258.0,267.0,236.0,197.0,109.0,111.0,106.0,159.0,128.0,79.0,127.0,251.0,238.0,72.0,109.0,243.0,124.0,124.0,264.0,93.0,110.0,72.0,69.0,16.0,123.0,266.0,129.0,81.0,39.0,48.0,78.0,32.0,51.0,52.0,39.0,97.0,32.0,11.0,53.0,91.0,33.0,14.0,7.0,39.0,29.0,23.0,30.0,83.0,128.0,123.0,18.0,14.0,7.0,22.0,161.0,65.0,39.0,17.0,24.0,31.0,72.0,188.0,12.0,13.0,91.0,72.0,18.0,11.0,21.0,138.0,160.0,13.0,24.0,78.0,68.0,37.0,133.0,145.0,36.0,27.0,59.0,16.0,90.0,43.0,18.0,8.0,24.0,13.0,13.0,4.0,9.0,7.0,26.0,13.0,192.0,291.0,94.0,204.0,69.0,123.0,157.0,182.0,29.0,125.0,135.0,90.0,95.0,108.0,119.0,9.0,86.0,17.0,8.0,37.0,22.0,54.0,48.0,24.0,41.0,34.0,14.0,30.0,30.0,32.0,24.0,17.0,26.0,23.0,27.0,24.0,75.0,23.0,85.0,16.0,13.0,5.0,12.0,14.0,7.0,12.0,15.0,17.0,9.0,14.0,219.0,213.0,260.0,272.0,271.0,255.0,273.0,234.0,231.0,204.0,236.0,89.0,87.0,247.0,97.0,25.0,390.0,308.0,143.0,71.0,17.0,14.0,43.0,25.0,73.0,69.0,20.0,24.0,30.0,12.0,16.0,7.0,40.0,9.0,18.0,8.0,8.0,5.0,16.0,6.0,28.0,8.0,6.0,82.0,62.0,48.0,38.0,39.0,13.0,11.0,4.0,172.0,103.0,157.0,215.0,114.0,86.0,243.0,150.0,112.0,170.0,147.0,245.0,188.0,100.0,77.0,77.0,62.0,78.0,109.0,169.0,77.0,103.0,90.0,53.0,85.0,62.0,80.0,88.0,56.0,19.0,141.0,206.0,150.0,189.0,231.0,175.0,56.0,197.0,121.0,232.0,175.0,154.0,234.0,39.0,127.0,117.0,159.0,153.0,122.0,78.0,100.0,86.0,89.0,31.0,39.0,92.0,75.0,74.0,152.0,52.0,84.0,112.0,5.0,29.0,57.0,53.0,134.0,37.0,54.0,48.0,9.0,54.0,31.0,14.0,18.0,27.0,19.0,48.0,17.0,70.0,54.0,23.0,43.0,31.0,14.0,41.0,26.0,39.0,57.0,45.0,28.0,19.0,14.0,10.0,11.0,22.0,19.0,55.0,31.0,7.0,8.0,13.0,131.0,32.0,48.0,63.0,99.0,42.0,51.0,56.0,22.0,31.0,38.0,175.0,25.0,39.0,93.0,41.0,58.0,38.0,13.0,42.0,45.0,57.0,38.0,164.0,78.0,100.0,44.0,186.0,121.0,71.0,58.0,23.0,5.0,59.0,50.0,,,,12.0,58.0,139.0,9.0,4.0,19.0
7.0,8.0,35.0,17.0,19.0,53.0,43.0,23.0,12.0,7.0,21.0,32.0,53.0,14.0,26.0,14.0,16.0,10.0,13.0,254.0,246.0,255.0,206.0,15.0,135.0,132.0,238.0,254.0,197.0,156.0,107.0,82.0,115.0,213.0,149.0,76.0,183.0,254.0,264.0,86.0,149.0,233.0,125.0,124.0,255.0,92.0,120.0,66.0,69.0,14.0,93.0,298.0,144.0,83.0,39.0,49.0,76.0,34.0,52.0,53.0,39.0,106.0,35.0,10.0,50.0,69.0,23.0,16.0,6.0,35.0,32.0,28.0,38.0,73.0,127.0,119.0,19.0,14.0,8.0,23.0,156.0,62.0,32.0,18.0,21.0,15.0,71.0,207.0,10.0,15.0,94.0,41.0,20.0,11.0,14.0,137.0,160.0,10.0,26.0,92.0,71.0,36.0,114.0,147.0,36.0,23.0,34.0,19.0,97.0,38.0,22.0,8.0,26.0,19.0,12.0,7.0,8.0,7.0,22.0,11.0,202.0,294.0,103.0,141.0,55.0,87.0,83.0,168.0,34.0,85.0,122.0,95.0,97.0,102.0,105.0,12.0,90.0,15.0,8.0,34.0,24.0,49.0,46.0,16.0,27.0,25.0,14.0,26.0,29.0,35.0,21.0,14.0,25.0,19.0,31.0,22.0,72.0,25.0,55.0,14.0,11.0,8.0,14.0,9.0,7.0,9.0,11.0,13.0,7.0,9.0,236.0,202.0,238.0,233.0,261.0,233.0,258.0,246.0,209.0,222.0,191.0,104.0,100.0,221.0,111.0,23.0,364.0,243.0,137.0,63.0,21.0,15.0,46.0,23.0,62.0,95.0,19.0,24.0,26.0,14.0,17.0,5.0,46.0,10.0,14.0,7.0,6.0,7.0,15.0,5.0,22.0,5.0,6.0,61.0,50.0,42.0,22.0,33.0,10.0,8.0,4.0,169.0,104.0,144.0,226.0,134.0,90.0,205.0,144.0,110.0,165.0,132.0,256.0,197.0,119.0,76.0,73.0,65.0,74.0,95.0,142.0,71.0,117.0,90.0,56.0,104.0,64.0,83.0,65.0,48.0,13.0,112.0,191.0,131.0,129.0,238.0,193.0,59.0,201.0,140.0,281.0,181.0,166.0,260.0,39.0,129.0,113.0,149.0,132.0,138.0,75.0,101.0,83.0,86.0,22.0,30.0,80.0,61.0,74.0,144.0,54.0,107.0,114.0,20.0,13.0,66.0,37.0,117.0,32.0,51.0,31.0,9.0,38.0,28.0,16.0,17.0,25.0,15.0,50.0,15.0,63.0,52.0,21.0,38.0,30.0,10.0,41.0,37.0,38.0,64.0,39.0,27.0,16.0,10.0,10.0,6.0,21.0,16.0,35.0,28.0,9.0,8.0,14.0,60.0,32.0,49.0,70.0,41.0,31.0,46.0,47.0,25.0,26.0,42.0,160.0,25.0,36.0,60.0,46.0,50.0,45.0,18.0,30.0,35.0,55.0,32.0,148.0,65.0,98.0,43.0,122.0,46.0,74.0,44.0,29.0,4.0,47.0,58.0,,,,12.0,59.0,148.0,13.0,5.0,17.0
17.0,7.0,32.0,16.0,18.0,43.0,49.0,26.0,16.0,12.0,20.0,29.0,56.0,16.0,33.0,15.0,15.0,13.0,13.0,203.0,233.0,239.0,183.0,20.0,146.0,101.0,234.0,207.0,160.0,132.0,82.0,52.0,99.0,219.0,186.0,71.0,218.0,250.0,260.0,103.0,173.0,242.0,100.0,127.0,249.0,96.0,115.0,74.0,32.0,15.0,67.0,336.0,162.0,77.0,40.0,51.0,79.0,35.0,52.0,54.0,42.0,98.0,38.0,9.0,48.0,51.0,18.0,20.0,4.0,23.0,32.0,33.0,35.0,63.0,142.0,140.0,19.0,16.0,10.0,20.0,116.0,55.0,33.0,19.0,20.0,11.0,54.0,194.0,8.0,11.0,94.0,30.0,17.0,10.0,18.0,135.0,159.0,11.0,27.0,82.0,72.0,30.0,96.0,151.0,36.0,22.0,57.0,24.0,104.0,33.0,20.0,9.0,22.0,39.0,12.0,11.0,9.0,7.0,24.0,15.0,204.0,287.0,101.0,86.0,42.0,58.0,63.0,146.0,43.0,87.0,115.0,97.0,81.0,102.0,58.0,14.0,88.0,12.0,7.0,31.0,31.0,47.0,48.0,15.0,21.0,27.0,13.0,16.0,25.0,34.0,22.0,14.0,15.0,23.0,27.0,21.0,74.0,22.0,37.0,12.0,12.0,9.0,7.0,8.0,8.0,9.0,9.0,16.0,5.0,9.0,230.0,185.0,216.0,215.0,202.0,227.0,214.0,199.0,148.0,255.0,167.0,218.0,132.0,174.0,134.0,24.0,336.0,161.0,139.0,51.0,19.0,18.0,46.0,20.0,48.0,119.0,15.0,23.0,24.0,15.0,20.0,9.0,43.0,12.0,13.0,7.0,6.0,,13.0,4.0,21.0,6.0,6.0,58.0,32.0,28.0,14.0,28.0,10.0,8.0,4.0,164.0,105.0,136.0,237.0,153.0,97.0,156.0,125.0,101.0,159.0,120.0,259.0,219.0,95.0,71.0,77.0,61.0,67.0,80.0,127.0,57.0,133.0,88.0,62.0,121.0,68.0,85.0,54.0,38.0,14.0,81.0,154.0,122.0,97.0,248.0,202.0,62.0,200.0,149.0,306.0,182.0,176.0,256.0,42.0,112.0,118.0,147.0,131.0,140.0,76.0,106.0,82.0,86.0,22.0,29.0,68.0,62.0,77.0,130.0,23.0,103.0,108.0,4.0,11.0,54.0,31.0,79.0,31.0,46.0,40.0,11.0,28.0,26.0,16.0,18.0,22.0,14.0,45.0,16.0,52.0,48.0,17.0,41.0,33.0,11.0,43.0,29.0,40.0,56.0,39.0,24.0,15.0,10.0,15.0,,39.0,13.0,28.0,18.0,9.0,16.0,14.0,47.0,33.0,54.0,65.0,37.0,32.0,46.0,86.0,22.0,19.0,46.0,155.0,20.0,35.0,60.0,49.0,49.0,43.0,17.0,30.0,38.0,60.0,28.0,152.0,54.0,98.0,36.0,50.0,151.0,92.0,37.0,40.0,13.0,42.0,52.0,,,,14.0,54.0,142.0,18.0,5.0,16.0
7.0,8.0,34.0,15.0,13.0,32.0,38.0,24.0,20.0,9.0,23.0,22.0,57.0,16.0,33.0,19.0,16.0,13.0,15.0,175.0,193.0,226.0,149.0,13.0,151.0,94.0,202.0,172.0,131.0,114.0,49.0,22.0,58.0,233.0,213.0,63.0,233.0,265.0,231.0,109.0,198.0,226.0,104.0,130.0,230.0,92.0,123.0,89.0,15.0,13.0,48.0,368.0,177.0,69.0,38.0,51.0,78.0,41.0,51.0,50.0,43.0,109.0,40.0,11.0,46.0,41.0,18.0,17.0,5.0,16.0,30.0,28.0,55.0,73.0,147.0,161.0,18.0,13.0,14.0,18.0,142.0,48.0,32.0,17.0,16.0,14.0,46.0,143.0,8.0,13.0,84.0,20.0,15.0,11.0,26.0,132.0,166.0,10.0,27.0,75.0,70.0,28.0,92.0,153.0,35.0,23.0,66.0,28.0,105.0,34.0,21.0,10.0,24.0,49.0,19.0,23.0,10.0,8.0,27.0,16.0,204.0,253.0,129.0,61.0,35.0,37.0,60.0,117.0,40.0,89.0,124.0,112.0,71.0,104.0,21.0,16.0,97.0,8.0,7.0,30.0,41.0,44.0,54.0,10.0,25.0,24.0,14.0,18.0,27.0,31.0,21.0,12.0,18.0,20.0,31.0,25.0,65.0,26.0,16.0,12.0,15.0,7.0,13.0,11.0,8.0,9.0,11.0,7.0,6.0,7.0,215.0,152.0,174.0,175.0,172.0,165.0,194.0,145.0,124.0,242.0,139.0,234.0,144.0,133.0,207.0,24.0,301.0,112.0,135.0,41.0,19.0,19.0,43.0,16.0,36.0,120.0,16.0,24.0,21.0,13.0,21.0,10.0,35.0,12.0,18.0,11.0,6.0,8.0,12.0,6.0,21.0,8.0,6.0,57.0,27.0,28.0,13.0,26.0,11.0,10.0,9.0,151.0,103.0,134.0,235.0,162.0,112.0,115.0,112.0,97.0,157.0,99.0,270.0,232.0,111.0,73.0,79.0,63.0,54.0,72.0,113.0,63.0,149.0,84.0,66.0,126.0,74.0,87.0,40.0,32.0,16.0,62.0,122.0,123.0,74.0,215.0,204.0,74.0,208.0,151.0,327.0,195.0,184.0,248.0,42.0,103.0,118.0,153.0,131.0,130.0,75.0,112.0,79.0,84.0,23.0,33.0,62.0,63.0,77.0,118.0,12.0,102.0,95.0,7.0,12.0,63.0,39.0,71.0,33.0,32.0,38.0,12.0,30.0,27.0,13.0,20.0,32.0,15.0,37.0,16.0,41.0,39.0,13.0,42.0,27.0,9.0,42.0,24.0,43.0,55.0,58.0,27.0,18.0,14.0,8.0,8.0,25.0,15.0,26.0,19.0,6.0,9.0,12.0,46.0,35.0,62.0,66.0,43.0,31.0,40.0,76.0,21.0,14.0,46.0,145.0,21.0,30.0,62.0,47.0,41.0,43.0,23.0,33.0,43.0,62.0,28.0,132.0,45.0,96.0,33.0,31.0,153.0,51.0,27.0,21.0,3.0,37.0,23.0,,,,15.0,51.0,139.0,21.0,9.0,18.0
9.0,9.0,38.0,18.0,15.0,28.0,55.0,24.0,26.0,11.0,25.0,27.0,65.0,17.0,28.0,31.0,18.0,20.0,26.0,166.0,165.0,201.0,97.0,13.0,66.0,105.0,180.0,137.0,117.0,94.0,28.0,12.0,32.0,246.0,243.0,67.0,239.0,243.0,218.0,111.0,224.0,186.0,86.0,142.0,187.0,89.0,124.0,80.0,15.0,11.0,38.0,386.0,196.0,63.0,40.0,53.0,76.0,43.0,56.0,48.0,45.0,130.0,45.0,12.0,45.0,33.0,17.0,21.0,5.0,17.0,30.0,31.0,44.0,68.0,156.0,180.0,18.0,16.0,28.0,20.0,141.0,43.0,36.0,19.0,14.0,16.0,43.0,88.0,11.0,13.0,63.0,17.0,19.0,8.0,31.0,143.0,174.0,12.0,26.0,76.0,69.0,26.0,92.0,151.0,36.0,30.0,72.0,32.0,92.0,35.0,16.0,14.0,40.0,64.0,26.0,26.0,14.0,8.0,27.0,14.0,197.0,220.0,178.0,53.0,32.0,35.0,55.0,93.0,36.0,91.0,138.0,119.0,77.0,100.0,19.0,19.0,100.0,9.0,7.0,29.0,37.0,43.0,52.0,11.0,25.0,24.0,15.0,21.0,28.0,35.0,24.0,11.0,40.0,22.0,32.0,23.0,68.0,25.0,18.0,13.0,14.0,8.0,11.0,12.0,10.0,9.0,13.0,7.0,5.0,7.0,209.0,131.0,149.0,139.0,150.0,107.0,136.0,120.0,111.0,168.0,97.0,275.0,162.0,158.0,221.0,25.0,288.0,81.0,129.0,57.0,25.0,22.0,44.0,16.0,31.0,112.0,16.0,23.0,24.0,17.0,31.0,9.0,30.0,14.0,34.0,14.0,7.0,,14.0,8.0,21.0,11.0,7.0,107.0,27.0,33.0,12.0,26.0,14.0,8.0,7.0,110.0,95.0,136.0,233.0,160.0,129.0,96.0,101.0,98.0,160.0,79.0,285.0,248.0,92.0,77.0,80.0,72.0,52.0,73.0,102.0,69.0,144.0,84.0,64.0,114.0,80.0,85.0,36.0,28.0,18.0,53.0,82.0,126.0,70.0,185.0,211.0,88.0,233.0,142.0,338.0,217.0,192.0,249.0,41.0,107.0,129.0,162.0,107.0,128.0,75.0,124.0,82.0,86.0,20.0,35.0,60.0,67.0,80.0,107.0,14.0,105.0,79.0,6.0,12.0,66.0,33.0,69.0,24.0,32.0,28.0,12.0,40.0,24.0,14.0,24.0,33.0,15.0,40.0,16.0,31.0,34.0,11.0,46.0,25.0,11.0,45.0,31.0,37.0,53.0,62.0,33.0,14.0,10.0,7.0,3.0,54.0,17.0,34.0,23.0,6.0,11.0,14.0,45.0,38.0,53.0,69.0,21.0,33.0,37.0,69.0,21.0,13.0,44.0,128.0,26.0,35.0,60.0,54.0,39.0,43.0,25.0,32.0,42.0,64.0,28.0,125.0,31.0,108.0,26.0,46.0,76.0,52.0,35.0,32.0,7.0,25.0,20.0,,,,18.0,51.0,134.0,30.0,19.0,19.0
20.0,11.0,44.0,19.0,12.0,21.0,79.0,27.0,27.0,11.0,27.0,32.0,88.0,24.0,27.0,51.0,16.0,31.0,31.0,127.0,100.0,175.0,60.0,15.0,21.0,92.0,124.0,104.0,108.0,88.0,17.0,12.0,21.0,246.0,246.0,73.0,241.0,190.0,182.0,110.0,125.0,137.0,98.0,151.0,152.0,92.0,124.0,95.0,13.0,14.0,33.0,382.0,218.0,58.0,41.0,51.0,75.0,44.0,63.0,49.0,48.0,141.0,49.0,12.0,45.0,24.0,18.0,23.0,8.0,18.0,29.0,38.0,48.0,76.0,173.0,194.0,21.0,19.0,20.0,29.0,140.0,42.0,33.0,20.0,17.0,16.0,44.0,60.0,11.0,13.0,53.0,17.0,15.0,7.0,20.0,135.0,191.0,13.0,26.0,76.0,77.0,24.0,90.0,150.0,36.0,32.0,64.0,36.0,78.0,37.0,18.0,23.0,41.0,81.0,44.0,52.0,23.0,11.0,23.0,16.0,173.0,182.0,182.0,39.0,27.0,32.0,53.0,80.0,48.0,95.0,139.0,131.0,73.0,98.0,30.0,16.0,106.0,12.0,6.0,30.0,37.0,42.0,57.0,14.0,25.0,23.0,19.0,20.0,35.0,37.0,28.0,13.0,38.0,23.0,37.0,19.0,68.0,28.0,24.0,19.0,15.0,10.0,18.0,16.0,5.0,9.0,8.0,10.0,7.0,10.0,170.0,88.0,108.0,85.0,97.0,113.0,101.0,90.0,95.0,146.0,63.0,269.0,167.0,203.0,242.0,28.0,275.0,73.0,129.0,106.0,34.0,24.0,52.0,17.0,33.0,88.0,20.0,28.0,25.0,29.0,33.0,8.0,30.0,47.0,58.0,23.0,10.0,,20.0,9.0,20.0,11.0,6.0,139.0,34.0,35.0,16.0,27.0,14.0,7.0,7.0,94.0,83.0,143.0,237.0,155.0,165.0,106.0,89.0,96.0,161.0,71.0,280.0,245.0,87.0,87.0,83.0,70.0,53.0,79.0,92.0,73.0,126.0,83.0,55.0,94.0,83.0,80.0,30.0,25.0,17.0,37.0,74.0,122.0,72.0,156.0,222.0,93.0,253.0,123.0,342.0,236.0,218.0,194.0,42.0,129.0,136.0,161.0,76.0,118.0,81.0,135.0,84.0,89.0,22.0,35.0,63.0,72.0,83.0,99.0,19.0,110.0,73.0,8.0,13.0,70.0,35.0,63.0,20.0,28.0,30.0,12.0,45.0,22.0,12.0,28.0,40.0,15.0,48.0,22.0,26.0,30.0,13.0,50.0,25.0,11.0,40.0,41.0,41.0,58.0,50.0,33.0,16.0,15.0,7.0,4.0,42.0,16.0,29.0,18.0,14.0,12.0,18.0,43.0,35.0,62.0,64.0,11.0,40.0,44.0,74.0,33.0,13.0,46.0,142.0,34.0,40.0,75.0,54.0,42.0,40.0,27.0,37.0,34.0,65.0,31.0,162.0,28.0,97.0,28.0,31.0,118.0,62.0,46.0,37.0,6.0,57.0,21.0,,,,23.0,53.0,139.0,14.0,50.0,22.0
16.0,15.0,68.0,30.0,16.0,18.0,89.0,28.0,35.0,14.0,37.0,35.0,82.0,28.0,39.0,50.0,16.0,52.0,37.0,78.0,106.0,132.0,47.0,13.0,18.0,60.0,87.0,77.0,102.0,27.0,20.0,13.0,27.0,230.0,203.0,83.0,240.0,164.0,137.0,116.0,110.0,176.0,95.0,164.0,147.0,92.0,126.0,127.0,14.0,16.0,33.0,374.0,236.0,56.0,44.0,52.0,74.0,48.0,67.0,55.0,50.0,156.0,52.0,14.0,45.0,21.0,19.0,29.0,15.0,23.0,31.0,39.0,46.0,80.0,194.0,221.0,31.0,25.0,33.0,52.0,131.0,44.0,33.0,26.0,22.0,22.0,48.0,48.0,12.0,21.0,48.0,19.0,19.0,12.0,18.0,141.0,196.0,14.0,26.0,80.0,77.0,22.0,89.0,138.0,37.0,32.0,43.0,46.0,80.0,40.0,29.0,37.0,41.0,117.0,57.0,88.0,24.0,16.0,22.0,16.0,144.0,142.0,169.0,29.0,26.0,29.0,47.0,59.0,49.0,90.0,126.0,141.0,76.0,98.0,40.0,26.0,115.0,13.0,7.0,34.0,45.0,42.0,55.0,11.0,27.0,28.0,25.0,17.0,38.0,41.0,34.0,16.0,33.0,20.0,40.0,25.0,85.0,33.0,31.0,22.0,15.0,22.0,27.0,13.0,35.0,11.0,11.0,15.0,6.0,10.0,162.0,52.0,76.0,70.0,65.0,112.0,84.0,73.0,84.0,129.0,54.0,257.0,160.0,213.0,245.0,26.0,284.0,71.0,129.0,91.0,56.0,28.0,60.0,22.0,73.0,83.0,26.0,28.0,33.0,35.0,33.0,6.0,27.0,43.0,73.0,33.0,17.0,3.0,45.0,16.0,32.0,7.0,5.0,206.0,31.0,33.0,23.0,34.0,15.0,19.0,6.0,82.0,69.0,132.0,243.0,154.0,202.0,102.0,83.0,59.0,160.0,69.0,277.0,243.0,106.0,97.0,86.0,74.0,55.0,89.0,83.0,74.0,89.0,81.0,53.0,73.0,82.0,75.0,27.0,26.0,17.0,22.0,62.0,113.0,70.0,138.0,233.0,91.0,269.0,131.0,326.0,242.0,245.0,169.0,39.0,146.0,151.0,164.0,81.0,123.0,88.0,152.0,87.0,95.0,21.0,38.0,68.0,82.0,61.0,97.0,22.0,120.0,69.0,6.0,21.0,72.0,35.0,73.0,16.0,30.0,24.0,12.0,47.0,28.0,15.0,35.0,34.0,20.0,57.0,27.0,19.0,24.0,11.0,49.0,25.0,10.0,40.0,49.0,38.0,56.0,51.0,36.0,21.0,14.0,10.0,19.0,32.0,19.0,53.0,17.0,20.0,24.0,32.0,42.0,33.0,67.0,55.0,12.0,49.0,57.0,91.0,50.0,21.0,47.0,157.0,43.0,47.0,73.0,55.0,47.0,34.0,40.0,41.0,45.0,68.0,31.0,201.0,34.0,110.0,23.0,33.0,99.0,83.0,64.0,27.0,10.0,122.0,23.0,,,,28.0,58.0,140.0,14.0,80.0,21.0
17.0,16.0,63.0,45.0,30.0,17.0,87.0,32.0,30.0,22.0,29.0,27.0,61.0,22.0,83.0,58.0,14.0,35.0,33.0,37.0,38.0,61.0,18.0,12.0,22.0,31.0,60.0,42.0,56.0,19.0,22.0,14.0,25.0,185.0,154.0,111.0,230.0,107.0,60.0,164.0,40.0,174.0,111.0,138.0,135.0,95.0,125.0,151.0,35.0,16.0,28.0,276.0,239.0,73.0,42.0,40.0,63.0,32.0,60.0,65.0,48.0,159.0,57.0,14.0,57.0,22.0,27.0,16.0,27.0,24.0,38.0,55.0,63.0,87.0,213.0,246.0,55.0,19.0,21.0,22.0,128.0,42.0,32.0,29.0,24.0,27.0,46.0,47.0,9.0,30.0,48.0,7.0,18.0,9.0,15.0,147.0,119.0,13.0,32.0,73.0,56.0,20.0,120.0,101.0,39.0,26.0,38.0,61.0,94.0,46.0,34.0,69.0,37.0,144.0,34.0,20.0,21.0,17.0,17.0,15.0,85.0,115.0,135.0,26.0,18.0,28.0,40.0,56.0,72.0,88.0,111.0,147.0,53.0,99.0,57.0,21.0,23.0,10.0,11.0,32.0,47.0,48.0,69.0,13.0,37.0,32.0,37.0,21.0,32.0,48.0,36.0,25.0,21.0,26.0,40.0,33.0,97.0,30.0,41.0,28.0,19.0,9.0,12.0,10.0,41.0,8.0,5.0,7.0,4.0,9.0,62.0,34.0,51.0,27.0,65.0,54.0,32.0,51.0,57.0,93.0,17.0,222.0,136.0,188.0,212.0,21.0,182.0,70.0,146.0,63.0,78.0,38.0,66.0,45.0,69.0,105.0,31.0,29.0,76.0,70.0,28.0,9.0,43.0,20.0,25.0,38.0,24.0,61.0,75.0,27.0,41.0,3.0,4.0,31.0,31.0,27.0,21.0,28.0,17.0,20.0,7.0,28.0,24.0,42.0,162.0,124.0,228.0,46.0,85.0,20.0,156.0,66.0,233.0,146.0,89.0,118.0,104.0,67.0,62.0,130.0,91.0,72.0,120.0,77.0,56.0,60.0,77.0,60.0,21.0,26.0,23.0,35.0,50.0,88.0,80.0,108.0,251.0,78.0,288.0,145.0,250.0,262.0,290.0,169.0,44.0,204.0,124.0,176.0,85.0,131.0,108.0,116.0,90.0,107.0,23.0,56.0,75.0,64.0,40.0,107.0,24.0,117.0,78.0,7.0,40.0,87.0,42.0,57.0,19.0,39.0,33.0,24.0,45.0,47.0,27.0,40.0,45.0,19.0,71.0,27.0,22.0,22.0,13.0,74.0,40.0,16.0,42.0,57.0,42.0,63.0,54.0,38.0,28.0,29.0,22.0,13.0,43.0,43.0,154.0,59.0,26.0,39.0,49.0,44.0,31.0,54.0,65.0,19.0,79.0,75.0,148.0,45.0,36.0,58.0,229.0,105.0,58.0,62.0,81.0,101.0,27.0,272.0,52.0,51.0,72.0,35.0,396.0,39.0,144.0,43.0,48.0,246.0,182.0,60.0,43.0,19.0,72.0,26.0,,,,16.0,84.0,92.0,22.0,11.0,15.0
16.0,14.0,49.0,29.0,15.0,16.0,29.0,16.0,13.0,16.0,23.0,23.0,38.0,22.0,79.0,23.0,12.0,12.0,18.0,20.0,25.0,30.0,26.0,14.0,32.0,26.0,27.0,22.0,25.0,34.0,15.0,12.0,22.0,83.0,47.0,120.0,97.0,75.0,37.0,165.0,16.0,136.0,96.0,170.0,118.0,79.0,114.0,155.0,21.0,14.0,28.0,185.0,237.0,67.0,31.0,32.0,55.0,53.0,54.0,67.0,29.0,114.0,50.0,14.0,50.0,21.0,31.0,18.0,18.0,20.0,44.0,66.0,42.0,92.0,220.0,191.0,66.0,22.0,12.0,18.0,79.0,34.0,33.0,19.0,14.0,11.0,31.0,54.0,8.0,11.0,44.0,15.0,13.0,10.0,12.0,145.0,78.0,16.0,38.0,47.0,56.0,12.0,132.0,108.0,33.0,15.0,33.0,48.0,81.0,61.0,25.0,43.0,31.0,30.0,22.0,5.0,24.0,10.0,15.0,18.0,78.0,59.0,77.0,41.0,21.0,27.0,37.0,52.0,37.0,87.0,97.0,127.0,55.0,100.0,107.0,25.0,25.0,12.0,15.0,32.0,26.0,45.0,65.0,12.0,36.0,35.0,40.0,25.0,28.0,33.0,22.0,23.0,59.0,30.0,39.0,31.0,124.0,18.0,32.0,15.0,24.0,4.0,13.0,14.0,13.0,6.0,5.0,7.0,4.0,6.0,31.0,14.0,41.0,24.0,31.0,128.0,31.0,19.0,16.0,55.0,28.0,121.0,40.0,144.0,182.0,19.0,127.0,74.0,88.0,53.0,74.0,38.0,71.0,32.0,78.0,73.0,23.0,25.0,32.0,31.0,15.0,8.0,31.0,15.0,19.0,21.0,8.0,59.0,30.0,9.0,25.0,2.0,6.0,22.0,17.0,20.0,12.0,23.0,14.0,11.0,11.0,23.0,16.0,40.0,108.0,88.0,208.0,31.0,56.0,19.0,95.0,57.0,116.0,102.0,65.0,90.0,69.0,29.0,66.0,166.0,96.0,75.0,186.0,67.0,63.0,56.0,113.0,43.0,16.0,21.0,23.0,48.0,54.0,66.0,68.0,92.0,245.0,77.0,267.0,145.0,200.0,225.0,298.0,117.0,53.0,179.0,128.0,149.0,131.0,154.0,126.0,131.0,93.0,121.0,28.0,55.0,78.0,47.0,42.0,56.0,18.0,12.0,55.0,16.0,25.0,36.0,44.0,24.0,28.0,47.0,51.0,44.0,30.0,21.0,23.0,32.0,50.0,17.0,76.0,16.0,26.0,18.0,6.0,60.0,42.0,11.0,25.0,10.0,29.0,51.0,55.0,33.0,23.0,27.0,12.0,19.0,21.0,15.0,95.0,60.0,71.0,42.0,45.0,45.0,34.0,55.0,27.0,54.0,47.0,55.0,78.0,33.0,22.0,39.0,228.0,84.0,60.0,23.0,38.0,33.0,21.0,283.0,25.0,49.0,69.0,24.0,261.0,63.0,131.0,87.0,33.0,159.0,153.0,67.0,51.0,10.0,49.0,35.0,,,,9.0,51.0,46.0,25.0,8.0,13.0
21.0,18.0,49.0,22.0,18.0,20.0,31.0,14.0,8.0,17.0,14.0,19.0,21.0,26.0,53.0,14.0,10.0,9.0,16.0,23.0,23.0,25.0,26.0,15.0,36.0,23.0,30.0,27.0,28.0,32.0,15.0,20.0,22.0,67.0,33.0,149.0,68.0,57.0,19.0,161.0,12.0,114.0,97.0,173.0,79.0,69.0,88.0,133.0,15.0,13.0,27.0,180.0,195.0,68.0,30.0,31.0,58.0,68.0,51.0,62.0,27.0,89.0,45.0,12.0,51.0,22.0,33.0,9.0,16.0,19.0,39.0,66.0,47.0,95.0,179.0,191.0,66.0,15.0,9.0,16.0,109.0,33.0,36.0,23.0,18.0,10.0,32.0,59.0,8.0,10.0,39.0,17.0,14.0,9.0,13.0,115.0,63.0,14.0,32.0,41.0,49.0,12.0,126.0,87.0,32.0,14.0,27.0,44.0,67.0,68.0,20.0,25.0,40.0,13.0,22.0,4.0,18.0,8.0,14.0,16.0,48.0,50.0,67.0,64.0,28.0,25.0,33.0,48.0,35.0,89.0,88.0,111.0,51.0,93.0,111.0,28.0,26.0,9.0,15.0,32.0,18.0,37.0,42.0,16.0,40.0,32.0,30.0,22.0,25.0,29.0,17.0,17.0,46.0,30.0,55.0,30.0,131.0,16.0,29.0,10.0,26.0,3.0,7.0,13.0,8.0,5.0,3.0,6.0,5.0,5.0,22.0,18.0,51.0,32.0,33.0,31.0,31.0,20.0,22.0,31.0,33.0,40.0,28.0,134.0,111.0,17.0,112.0,76.0,63.0,48.0,53.0,35.0,62.0,26.0,78.0,64.0,19.0,23.0,27.0,34.0,9.0,11.0,30.0,19.0,9.0,20.0,12.0,9.0,16.0,9.0,18.0,4.0,5.0,18.0,22.0,16.0,11.0,22.0,13.0,10.0,8.0,22.0,17.0,76.0,92.0,80.0,154.0,30.0,35.0,24.0,93.0,49.0,86.0,65.0,75.0,56.0,47.0,23.0,67.0,165.0,124.0,80.0,194.0,60.0,73.0,54.0,134.0,43.0,14.0,23.0,23.0,45.0,57.0,55.0,67.0,87.0,214.0,72.0,213.0,133.0,196.0,174.0,273.0,99.0,58.0,150.0,123.0,141.0,140.0,155.0,122.0,125.0,93.0,116.0,27.0,58.0,69.0,45.0,43.0,34.0,16.0,12.0,49.0,8.0,23.0,24.0,49.0,14.0,28.0,52.0,56.0,38.0,24.0,13.0,18.0,32.0,56.0,11.0,74.0,19.0,25.0,25.0,10.0,53.0,40.0,12.0,49.0,8.0,24.0,33.0,50.0,29.0,21.0,19.0,16.0,25.0,17.0,20.0,73.0,44.0,10.0,48.0,19.0,44.0,38.0,55.0,22.0,52.0,35.0,48.0,50.0,33.0,20.0,25.0,173.0,62.0,60.0,15.0,21.0,20.0,18.0,100.0,31.0,43.0,70.0,17.0,152.0,64.0,102.0,96.0,26.0,90.0,135.0,68.0,36.0,22.0,80.0,36.0,,,,11.0,32.0,50.0,29.0,8.0,13.0
24.0,21.0,53.0,13.0,14.0,22.0,32.0,13.0,8.0,21.0,20.0,18.0,26.0,27.0,36.0,11.0,10.0,9.0,16.0,26.0,24.0,33.0,23.0,16.0,44.0,24.0,38.0,31.0,30.0,24.0,15.0,11.0,24.0,51.0,21.0,174.0,59.0,48.0,17.0,167.0,10.0,96.0,80.0,155.0,55.0,77.0,57.0,87.0,18.0,12.0,30.0,164.0,188.0,73.0,35.0,31.0,49.0,72.0,53.0,56.0,30.0,68.0,42.0,11.0,51.0,24.0,36.0,18.0,11.0,20.0,36.0,59.0,49.0,99.0,165.0,151.0,54.0,11.0,9.0,15.0,63.0,32.0,39.0,33.0,17.0,12.0,32.0,68.0,6.0,12.0,36.0,14.0,13.0,13.0,8.0,44.0,50.0,14.0,22.0,36.0,50.0,11.0,97.0,56.0,31.0,14.0,25.0,38.0,50.0,67.0,24.0,6.0,44.0,8.0,29.0,4.0,13.0,9.0,18.0,19.0,36.0,48.0,63.0,33.0,36.0,25.0,30.0,46.0,36.0,89.0,87.0,91.0,50.0,72.0,125.0,28.0,28.0,9.0,15.0,30.0,13.0,38.0,41.0,14.0,43.0,31.0,18.0,18.0,22.0,29.0,17.0,16.0,58.0,41.0,39.0,30.0,111.0,11.0,18.0,11.0,25.0,3.0,9.0,11.0,7.0,7.0,4.0,6.0,4.0,5.0,24.0,20.0,58.0,32.0,36.0,24.0,44.0,24.0,27.0,24.0,28.0,41.0,24.0,98.0,82.0,16.0,104.0,77.0,53.0,46.0,37.0,33.0,55.0,25.0,93.0,56.0,31.0,21.0,19.0,28.0,11.0,11.0,27.0,19.0,11.0,18.0,15.0,14.0,11.0,8.0,21.0,2.0,5.0,15.0,16.0,22.0,10.0,22.0,15.0,9.0,7.0,16.0,15.0,68.0,73.0,77.0,119.0,34.0,33.0,26.0,82.0,44.0,73.0,51.0,75.0,40.0,43.0,15.0,72.0,152.0,114.0,88.0,178.0,57.0,92.0,56.0,142.0,47.0,13.0,23.0,26.0,43.0,57.0,50.0,58.0,71.0,130.0,70.0,161.0,131.0,189.0,133.0,215.0,93.0,61.0,131.0,112.0,141.0,149.0,138.0,115.0,93.0,92.0,94.0,25.0,50.0,68.0,39.0,42.0,36.0,15.0,14.0,46.0,6.0,21.0,21.0,53.0,11.0,26.0,48.0,56.0,41.0,16.0,8.0,12.0,27.0,60.0,17.0,68.0,21.0,37.0,37.0,21.0,50.0,37.0,13.0,42.0,9.0,23.0,28.0,35.0,26.0,25.0,22.0,12.0,19.0,19.0,21.0,71.0,21.0,5.0,40.0,17.0,46.0,37.0,56.0,21.0,45.0,27.0,42.0,53.0,33.0,18.0,20.0,74.0,53.0,52.0,16.0,15.0,20.0,19.0,3.0,41.0,43.0,73.0,14.0,125.0,56.0,109.0,90.0,35.0,52.0,221.0,67.0,41.0,17.0,106.0,41.0,,,,10.0,33.0,52.0,50.0,7.0,14.0
31.0,28.0,54.0,10.0,12.0,23.0,42.0,12.0,11.0,30.0,35.0,25.0,23.0,31.0,27.0,13.0,10.0,16.0,22.0,25.0,25.0,39.0,21.0,17.0,52.0,22.0,46.0,36.0,29.0,24.0,17.0,10.0,26.0,35.0,18.0,174.0,37.0,52.0,23.0,159.0,12.0,66.0,64.0,139.0,50.0,90.0,37.0,69.0,17.0,11.0,34.0,161.0,186.0,78.0,38.0,27.0,51.0,68.0,45.0,62.0,36.0,57.0,39.0,11.0,55.0,25.0,40.0,9.0,14.0,23.0,35.0,54.0,73.0,118.0,161.0,163.0,78.0,11.0,9.0,15.0,59.0,32.0,43.0,21.0,20.0,9.0,35.0,64.0,8.0,16.0,35.0,19.0,21.0,9.0,7.0,34.0,45.0,15.0,20.0,32.0,49.0,12.0,82.0,55.0,22.0,16.0,26.0,35.0,44.0,63.0,27.0,6.0,53.0,8.0,31.0,7.0,15.0,9.0,22.0,22.0,34.0,50.0,57.0,32.0,24.0,28.0,32.0,49.0,36.0,99.0,81.0,83.0,49.0,53.0,133.0,21.0,31.0,8.0,15.0,32.0,13.0,41.0,48.0,14.0,43.0,29.0,9.0,19.0,25.0,33.0,17.0,21.0,56.0,46.0,38.0,42.0,80.0,16.0,18.0,9.0,26.0,4.0,14.0,9.0,8.0,8.0,6.0,6.0,5.0,7.0,31.0,22.0,51.0,29.0,37.0,32.0,34.0,27.0,28.0,30.0,22.0,37.0,22.0,66.0,80.0,18.0,124.0,76.0,58.0,48.0,27.0,36.0,47.0,20.0,82.0,54.0,30.0,22.0,20.0,25.0,12.0,13.0,28.0,21.0,16.0,15.0,17.0,28.0,12.0,9.0,23.0,5.0,9.0,18.0,28.0,24.0,12.0,27.0,16.0,13.0,8.0,21.0,14.0,73.0,54.0,75.0,97.0,29.0,29.0,33.0,60.0,41.0,60.0,29.0,77.0,46.0,39.0,14.0,97.0,129.0,94.0,88.0,147.0,39.0,106.0,59.0,129.0,49.0,13.0,23.0,25.0,44.0,51.0,50.0,55.0,89.0,82.0,68.0,131.0,121.0,182.0,117.0,167.0,100.0,66.0,106.0,106.0,141.0,140.0,98.0,121.0,79.0,94.0,74.0,30.0,45.0,30.0,41.0,41.0,42.0,14.0,16.0,42.0,8.0,21.0,21.0,48.0,13.0,31.0,45.0,50.0,39.0,28.0,11.0,19.0,24.0,72.0,18.0,69.0,28.0,42.0,55.0,12.0,39.0,28.0,15.0,37.0,7.0,20.0,24.0,29.0,28.0,18.0,20.0,17.0,19.0,13.0,21.0,48.0,16.0,9.0,31.0,16.0,49.0,47.0,60.0,19.0,36.0,26.0,39.0,59.0,29.0,21.0,20.0,51.0,42.0,45.0,17.0,24.0,15.0,14.0,1.0,55.0,47.0,84.0,19.0,132.0,53.0,124.0,92.0,39.0,130.0,103.0,52.0,33.0,22.0,82.0,41.0,,,,11.0,38.0,59.0,58.0,11.0,14.0
36.0,38.0,77.0,18.0,21.0,24.0,50.0,16.0,8.0,38.0,27.0,21.0,29.0,52.0,26.0,19.0,13.0,30.0,30.0,21.0,28.0,39.0,17.0,20.0,50.0,23.0,45.0,32.0,29.0,24.0,18.0,9.0,26.0,31.0,20.0,177.0,28.0,52.0,28.0,104.0,14.0,37.0,50.0,121.0,61.0,109.0,30.0,47.0,16.0,13.0,38.0,158.0,166.0,80.0,39.0,28.0,54.0,63.0,43.0,72.0,43.0,55.0,35.0,11.0,58.0,27.0,44.0,9.0,12.0,27.0,40.0,53.0,60.0,135.0,148.0,188.0,89.0,13.0,15.0,17.0,58.0,35.0,49.0,25.0,16.0,9.0,39.0,56.0,8.0,13.0,34.0,28.0,29.0,6.0,6.0,35.0,38.0,19.0,22.0,32.0,36.0,16.0,78.0,52.0,17.0,18.0,25.0,27.0,49.0,56.0,28.0,7.0,63.0,13.0,42.0,30.0,26.0,11.0,23.0,21.0,32.0,51.0,54.0,35.0,36.0,30.0,34.0,50.0,34.0,101.0,80.0,79.0,61.0,49.0,141.0,23.0,33.0,9.0,17.0,32.0,14.0,38.0,53.0,15.0,40.0,34.0,9.0,25.0,26.0,33.0,19.0,19.0,47.0,49.0,35.0,44.0,62.0,18.0,21.0,37.0,14.0,5.0,13.0,11.0,12.0,9.0,8.0,7.0,10.0,9.0,45.0,20.0,42.0,25.0,31.0,33.0,28.0,30.0,35.0,40.0,11.0,28.0,21.0,73.0,60.0,21.0,137.0,72.0,60.0,53.0,20.0,43.0,44.0,23.0,77.0,51.0,27.0,24.0,26.0,27.0,17.0,10.0,31.0,19.0,30.0,13.0,9.0,7.0,14.0,10.0,44.0,11.0,8.0,26.0,33.0,20.0,10.0,31.0,17.0,14.0,9.0,28.0,16.0,71.0,45.0,61.0,58.0,36.0,26.0,33.0,54.0,44.0,43.0,32.0,105.0,58.0,46.0,14.0,127.0,108.0,81.0,83.0,120.0,33.0,116.0,60.0,84.0,46.0,12.0,26.0,28.0,42.0,50.0,54.0,48.0,90.0,73.0,70.0,128.0,130.0,166.0,116.0,135.0,94.0,70.0,93.0,107.0,127.0,159.0,125.0,108.0,104.0,62.0,63.0,33.0,36.0,10.0,50.0,34.0,51.0,16.0,20.0,36.0,4.0,21.0,30.0,41.0,19.0,39.0,38.0,63.0,38.0,18.0,12.0,18.0,24.0,92.0,20.0,66.0,39.0,51.0,77.0,10.0,35.0,30.0,13.0,38.0,7.0,29.0,28.0,27.0,18.0,27.0,21.0,10.0,22.0,11.0,33.0,44.0,16.0,7.0,31.0,16.0,51.0,49.0,54.0,23.0,40.0,31.0,43.0,65.0,34.0,22.0,22.0,55.0,33.0,44.0,16.0,26.0,18.0,16.0,12.0,47.0,58.0,73.0,22.0,136.0,52.0,144.0,84.0,29.0,92.0,83.0,52.0,26.0,18.0,96.0,126.0,,,,17.0,41.0,52.0,65.0,20.0,18.0
49.0,42.0,74.0,23.0,33.0,21.0,54.0,21.0,14.0,45.0,28.0,29.0,33.0,55.0,29.0,35.0,18.0,52.0,47.0,14.0,27.0,39.0,14.0,24.0,40.0,22.0,39.0,27.0,27.0,20.0,19.0,11.0,30.0,28.0,24.0,177.0,26.0,57.0,30.0,69.0,10.0,35.0,38.0,110.0,48.0,138.0,40.0,39.0,20.0,14.0,44.0,166.0,160.0,86.0,37.0,31.0,58.0,47.0,50.0,72.0,52.0,55.0,26.0,11.0,66.0,31.0,44.0,10.0,18.0,30.0,37.0,45.0,49.0,164.0,137.0,173.0,98.0,15.0,22.0,24.0,76.0,35.0,55.0,29.0,17.0,12.0,40.0,54.0,11.0,17.0,33.0,33.0,46.0,5.0,6.0,38.0,39.0,24.0,21.0,38.0,40.0,20.0,80.0,65.0,19.0,19.0,32.0,28.0,57.0,51.0,31.0,9.0,70.0,31.0,58.0,39.0,43.0,15.0,24.0,25.0,31.0,49.0,48.0,37.0,32.0,30.0,44.0,50.0,34.0,98.0,86.0,86.0,63.0,45.0,150.0,24.0,45.0,11.0,17.0,39.0,16.0,40.0,49.0,20.0,43.0,33.0,8.0,26.0,29.0,35.0,25.0,18.0,63.0,42.0,33.0,53.0,72.0,28.0,17.0,15.0,16.0,6.0,14.0,13.0,15.0,11.0,9.0,8.0,20.0,19.0,34.0,20.0,39.0,22.0,20.0,35.0,26.0,33.0,32.0,50.0,13.0,30.0,17.0,60.0,53.0,30.0,135.0,62.0,57.0,53.0,23.0,48.0,43.0,28.0,54.0,49.0,27.0,29.0,27.0,24.0,21.0,12.0,36.0,25.0,45.0,18.0,9.0,10.0,15.0,22.0,79.0,13.0,9.0,28.0,33.0,19.0,12.0,36.0,17.0,19.0,9.0,61.0,28.0,54.0,42.0,36.0,34.0,37.0,29.0,38.0,43.0,40.0,30.0,38.0,148.0,60.0,58.0,18.0,153.0,98.0,78.0,80.0,97.0,35.0,111.0,56.0,67.0,43.0,13.0,30.0,36.0,47.0,49.0,52.0,44.0,110.0,82.0,70.0,127.0,105.0,155.0,113.0,131.0,94.0,80.0,115.0,103.0,116.0,155.0,122.0,118.0,103.0,62.0,65.0,32.0,34.0,12.0,66.0,34.0,61.0,18.0,26.0,34.0,8.0,21.0,38.0,50.0,25.0,46.0,45.0,47.0,36.0,17.0,13.0,12.0,17.0,101.0,24.0,70.0,52.0,48.0,96.0,13.0,34.0,35.0,14.0,33.0,11.0,36.0,38.0,40.0,28.0,23.0,25.0,10.0,37.0,9.0,24.0,62.0,12.0,12.0,30.0,20.0,54.0,46.0,54.0,24.0,43.0,38.0,43.0,73.0,48.0,22.0,37.0,94.0,28.0,30.0,15.0,23.0,12.0,19.0,10.0,33.0,69.0,87.0,33.0,146.0,45.0,162.0,84.0,5.0,59.0,86.0,56.0,22.0,29.0,99.0,194.0,,,,13.0,51.0,48.0,123.0,32.0,24.0
64.0,64.0,71.0,28.0,43.0,24.0,90.0,28.0,21.0,67.0,34.0,53.0,42.0,54.0,34.0,41.0,23.0,64.0,57.0,16.0,29.0,35.0,14.0,30.0,38.0,25.0,32.0,25.0,24.0,24.0,22.0,14.0,33.0,30.0,21.0,174.0,27.0,53.0,27.0,54.0,7.0,24.0,18.0,88.0,45.0,148.0,59.0,39.0,21.0,18.0,45.0,173.0,161.0,104.0,41.0,36.0,84.0,44.0,71.0,84.0,63.0,68.0,27.0,13.0,73.0,37.0,54.0,13.0,21.0,30.0,40.0,33.0,56.0,157.0,134.0,161.0,89.0,17.0,29.0,36.0,118.0,36.0,52.0,49.0,26.0,23.0,44.0,58.0,12.0,25.0,39.0,38.0,49.0,5.0,5.0,45.0,45.0,24.0,29.0,90.0,44.0,23.0,82.0,62.0,20.0,18.0,45.0,31.0,59.0,50.0,37.0,12.0,66.0,47.0,81.0,46.0,92.0,20.0,29.0,24.0,37.0,49.0,40.0,39.0,31.0,33.0,46.0,51.0,32.0,108.0,98.0,83.0,60.0,52.0,162.0,20.0,49.0,15.0,21.0,53.0,23.0,43.0,54.0,21.0,45.0,35.0,8.0,37.0,33.0,45.0,31.0,18.0,69.0,55.0,45.0,48.0,98.0,31.0,22.0,24.0,28.0,8.0,22.0,18.0,14.0,17.0,13.0,9.0,18.0,24.0,29.0,15.0,32.0,18.0,16.0,32.0,22.0,26.0,32.0,43.0,13.0,28.0,16.0,51.0,47.0,35.0,130.0,54.0,68.0,50.0,22.0,52.0,39.0,52.0,49.0,60.0,28.0,44.0,30.0,28.0,23.0,8.0,43.0,23.0,60.0,24.0,13.0,20.0,36.0,42.0,68.0,11.0,11.0,26.0,33.0,17.0,18.0,37.0,17.0,17.0,6.0,41.0,42.0,56.0,44.0,25.0,20.0,45.0,42.0,45.0,45.0,40.0,27.0,42.0,167.0,67.0,73.0,24.0,142.0,64.0,83.0,72.0,62.0,42.0,102.0,51.0,58.0,42.0,13.0,34.0,47.0,50.0,54.0,54.0,47.0,97.0,97.0,65.0,126.0,113.0,143.0,115.0,133.0,100.0,77.0,111.0,79.0,113.0,144.0,119.0,113.0,60.0,49.0,61.0,42.0,25.0,16.0,54.0,33.0,72.0,20.0,31.0,31.0,9.0,25.0,44.0,58.0,34.0,49.0,47.0,53.0,49.0,20.0,19.0,21.0,22.0,92.0,25.0,69.0,56.0,46.0,108.0,17.0,33.0,48.0,10.0,35.0,14.0,43.0,39.0,37.0,32.0,27.0,42.0,11.0,37.0,37.0,29.0,85.0,22.0,13.0,36.0,31.0,64.0,59.0,64.0,27.0,77.0,51.0,51.0,93.0,54.0,36.0,87.0,117.0,21.0,21.0,15.0,23.0,16.0,28.0,12.0,29.0,80.0,94.0,37.0,173.0,53.0,143.0,79.0,12.0,78.0,80.0,49.0,24.0,35.0,110.0,194.0,,,,15.0,55.0,39.0,160.0,51.0,30.0
80.0,72.0,76.0,65.0,55.0,41.0,109.0,40.0,33.0,64.0,44.0,62.0,55.0,65.0,50.0,40.0,27.0,68.0,59.0,16.0,33.0,35.0,14.0,35.0,41.0,25.0,29.0,25.0,21.0,22.0,26.0,17.0,34.0,35.0,19.0,139.0,32.0,54.0,24.0,45.0,6.0,20.0,12.0,59.0,44.0,119.0,73.0,39.0,30.0,18.0,51.0,172.0,160.0,115.0,43.0,43.0,101.0,46.0,90.0,85.0,64.0,84.0,27.0,17.0,80.0,43.0,59.0,17.0,31.0,28.0,38.0,33.0,58.0,146.0,132.0,154.0,80.0,27.0,29.0,29.0,133.0,38.0,54.0,61.0,46.0,34.0,47.0,61.0,16.0,32.0,40.0,50.0,54.0,4.0,11.0,53.0,48.0,29.0,34.0,75.0,42.0,27.0,55.0,67.0,21.0,19.0,57.0,46.0,62.0,56.0,50.0,14.0,100.0,76.0,86.0,65.0,80.0,20.0,26.0,25.0,43.0,51.0,36.0,39.0,54.0,37.0,53.0,61.0,26.0,117.0,108.0,85.0,63.0,59.0,155.0,35.0,52.0,16.0,26.0,71.0,27.0,48.0,69.0,16.0,47.0,48.0,11.0,36.0,40.0,64.0,44.0,30.0,85.0,74.0,58.0,48.0,99.0,34.0,22.0,21.0,32.0,13.0,12.0,21.0,14.0,22.0,18.0,8.0,10.0,28.0,30.0,18.0,24.0,22.0,19.0,27.0,23.0,24.0,34.0,42.0,14.0,27.0,18.0,57.0,47.0,41.0,130.0,44.0,47.0,48.0,28.0,61.0,35.0,99.0,52.0,90.0,28.0,58.0,41.0,34.0,23.0,9.0,47.0,23.0,87.0,31.0,26.0,29.0,53.0,54.0,43.0,9.0,10.0,24.0,30.0,16.0,13.0,31.0,15.0,33.0,9.0,40.0,22.0,52.0,44.0,20.0,18.0,32.0,55.0,47.0,45.0,44.0,23.0,43.0,174.0,73.0,76.0,35.0,127.0,48.0,83.0,62.0,33.0,49.0,91.0,51.0,38.0,41.0,14.0,37.0,61.0,54.0,61.0,68.0,47.0,97.0,108.0,60.0,137.0,109.0,132.0,125.0,132.0,107.0,75.0,101.0,54.0,105.0,137.0,110.0,105.0,45.0,52.0,53.0,42.0,21.0,24.0,43.0,37.0,87.0,19.0,39.0,24.0,8.0,35.0,46.0,54.0,43.0,46.0,58.0,54.0,51.0,28.0,30.0,17.0,28.0,93.0,30.0,60.0,56.0,58.0,114.0,23.0,39.0,66.0,13.0,41.0,20.0,44.0,43.0,49.0,34.0,33.0,48.0,19.0,70.0,30.0,34.0,85.0,16.0,23.0,42.0,31.0,59.0,63.0,72.0,39.0,60.0,78.0,50.0,108.0,80.0,25.0,81.0,191.0,40.0,32.0,13.0,26.0,32.0,24.0,13.0,37.0,104.0,103.0,40.0,187.0,53.0,157.0,78.0,26.0,98.0,60.0,67.0,34.0,24.0,143.0,197.0,,,,33.0,55.0,40.0,92.0,57.0,37.0
93.0,74.0,64.0,85.0,82.0,40.0,116.0,40.0,24.0,68.0,62.0,58.0,78.0,79.0,83.0,35.0,29.0,65.0,56.0,13.0,34.0,30.0,15.0,38.0,43.0,27.0,26.0,24.0,22.0,18.0,24.0,17.0,34.0,36.0,15.0,102.0,36.0,49.0,22.0,32.0,6.0,17.0,10.0,38.0,47.0,113.0,95.0,43.0,39.0,21.0,61.0,163.0,157.0,120.0,47.0,49.0,109.0,49.0,101.0,91.0,66.0,80.0,27.0,17.0,76.0,49.0,61.0,24.0,39.0,28.0,37.0,34.0,78.0,124.0,134.0,157.0,75.0,27.0,31.0,31.0,136.0,43.0,51.0,74.0,68.0,38.0,51.0,63.0,18.0,38.0,47.0,74.0,36.0,6.0,19.0,59.0,53.0,31.0,40.0,63.0,40.0,31.0,45.0,73.0,22.0,22.0,65.0,59.0,64.0,69.0,59.0,15.0,93.0,97.0,89.0,96.0,76.0,17.0,22.0,28.0,37.0,52.0,26.0,42.0,51.0,40.0,57.0,77.0,23.0,111.0,114.0,79.0,55.0,67.0,135.0,45.0,53.0,10.0,35.0,72.0,30.0,50.0,69.0,39.0,49.0,49.0,16.0,32.0,47.0,60.0,52.0,28.0,83.0,42.0,75.0,50.0,106.0,41.0,31.0,21.0,37.0,17.0,21.0,19.0,11.0,25.0,20.0,8.0,9.0,28.0,27.0,12.0,28.0,20.0,18.0,26.0,24.0,26.0,34.0,37.0,14.0,28.0,18.0,46.0,50.0,54.0,116.0,41.0,58.0,51.0,109.0,69.0,33.0,145.0,66.0,80.0,24.0,71.0,47.0,76.0,19.0,13.0,49.0,18.0,73.0,35.0,31.0,78.0,60.0,62.0,44.0,10.0,10.0,21.0,24.0,24.0,16.0,28.0,14.0,28.0,9.0,43.0,21.0,52.0,48.0,22.0,15.0,39.0,62.0,48.0,42.0,41.0,21.0,43.0,140.0,60.0,72.0,50.0,120.0,38.0,135.0,54.0,14.0,49.0,79.0,56.0,29.0,38.0,15.0,41.0,69.0,57.0,60.0,77.0,49.0,94.0,126.0,63.0,159.0,101.0,127.0,144.0,134.0,118.0,74.0,110.0,37.0,94.0,134.0,117.0,88.0,43.0,49.0,41.0,47.0,25.0,35.0,40.0,45.0,99.0,19.0,51.0,13.0,8.0,44.0,66.0,38.0,53.0,49.0,71.0,45.0,51.0,31.0,30.0,25.0,22.0,91.0,35.0,54.0,38.0,62.0,117.0,29.0,53.0,80.0,12.0,41.0,26.0,58.0,58.0,53.0,36.0,45.0,57.0,20.0,62.0,20.0,60.0,122.0,16.0,13.0,54.0,37.0,61.0,62.0,71.0,73.0,67.0,58.0,51.0,112.0,78.0,40.0,69.0,307.0,86.0,29.0,19.0,24.0,45.0,40.0,25.0,36.0,110.0,128.0,40.0,192.0,57.0,183.0,82.0,24.0,90.0,77.0,69.0,56.0,29.0,162.0,201.0,,,,61.0,63.0,49.0,97.0,87.0,37.0
100.0,77.0,60.0,85.0,86.0,43.0,115.0,28.0,22.0,72.0,54.0,63.0,74.0,70.0,87.0,29.0,27.0,59.0,58.0,12.0,38.0,29.0,13.0,72.0,41.0,23.0,26.0,23.0,21.0,15.0,25.0,18.0,35.0,38.0,15.0,76.0,33.0,45.0,20.0,40.0,6.0,14.0,10.0,22.0,51.0,107.0,104.0,36.0,49.0,25.0,73.0,159.0,153.0,119.0,50.0,41.0,109.0,51.0,74.0,98.0,72.0,72.0,26.0,16.0,72.0,58.0,54.0,28.0,28.0,27.0,38.0,40.0,86.0,143.0,129.0,153.0,88.0,33.0,30.0,42.0,95.0,50.0,51.0,69.0,90.0,38.0,49.0,62.0,20.0,48.0,50.0,69.0,27.0,6.0,25.0,62.0,54.0,30.0,43.0,57.0,39.0,33.0,39.0,79.0,23.0,28.0,67.0,82.0,65.0,80.0,63.0,15.0,70.0,88.0,65.0,43.0,93.0,17.0,23.0,42.0,43.0,51.0,26.0,37.0,47.0,49.0,58.0,80.0,23.0,110.0,114.0,81.0,52.0,68.0,128.0,35.0,66.0,9.0,48.0,77.0,33.0,53.0,74.0,64.0,58.0,59.0,25.0,29.0,57.0,57.0,53.0,27.0,63.0,31.0,71.0,53.0,107.0,35.0,32.0,30.0,38.0,18.0,26.0,13.0,14.0,34.0,38.0,5.0,9.0,26.0,28.0,9.0,30.0,19.0,20.0,34.0,24.0,26.0,31.0,45.0,11.0,29.0,22.0,45.0,51.0,71.0,112.0,40.0,66.0,52.0,147.0,76.0,34.0,179.0,100.0,64.0,27.0,46.0,57.0,50.0,19.0,12.0,47.0,13.0,52.0,34.0,34.0,69.0,51.0,64.0,48.0,9.0,8.0,20.0,22.0,19.0,13.0,29.0,13.0,26.0,9.0,40.0,25.0,52.0,40.0,30.0,19.0,33.0,52.0,40.0,40.0,42.0,29.0,47.0,112.0,75.0,74.0,68.0,112.0,31.0,147.0,43.0,14.0,50.0,65.0,63.0,30.0,33.0,17.0,44.0,75.0,59.0,62.0,77.0,53.0,71.0,141.0,64.0,172.0,95.0,127.0,157.0,134.0,116.0,79.0,108.0,34.0,97.0,126.0,105.0,79.0,50.0,61.0,34.0,31.0,11.0,46.0,36.0,47.0,109.0,21.0,44.0,15.0,5.0,37.0,61.0,36.0,55.0,50.0,69.0,46.0,37.0,32.0,27.0,31.0,21.0,94.0,35.0,47.0,42.0,60.0,113.0,31.0,54.0,69.0,9.0,54.0,45.0,45.0,68.0,49.0,38.0,50.0,57.0,15.0,72.0,60.0,145.0,138.0,13.0,22.0,54.0,38.0,63.0,63.0,77.0,85.0,166.0,61.0,58.0,102.0,64.0,83.0,70.0,246.0,72.0,40.0,20.0,72.0,55.0,43.0,27.0,33.0,134.0,131.0,61.0,253.0,67.0,177.0,88.0,49.0,91.0,83.0,81.0,50.0,30.0,160.0,219.0,,,,57.0,63.0,57.0,100.0,76.0,44.0
105.0,77.0,65.0,92.0,69.0,46.0,139.0,23.0,31.0,83.0,42.0,64.0,76.0,84.0,91.0,27.0,23.0,54.0,54.0,14.0,30.0,32.0,13.0,56.0,41.0,22.0,26.0,22.0,20.0,19.0,30.0,19.0,33.0,39.0,12.0,60.0,27.0,42.0,19.0,40.0,5.0,13.0,8.0,18.0,51.0,101.0,110.0,27.0,52.0,24.0,79.0,154.0,152.0,101.0,53.0,41.0,91.0,57.0,69.0,105.0,66.0,74.0,22.0,16.0,65.0,64.0,48.0,39.0,29.0,29.0,38.0,43.0,58.0,167.0,125.0,150.0,113.0,35.0,26.0,34.0,83.0,57.0,48.0,71.0,75.0,39.0,62.0,61.0,19.0,52.0,49.0,64.0,26.0,6.0,32.0,68.0,64.0,25.0,44.0,54.0,42.0,29.0,38.0,79.0,24.0,31.0,54.0,93.0,63.0,91.0,80.0,15.0,59.0,94.0,46.0,29.0,88.0,16.0,20.0,37.0,42.0,49.0,25.0,44.0,62.0,58.0,58.0,84.0,25.0,106.0,111.0,74.0,56.0,69.0,113.0,37.0,79.0,9.0,58.0,80.0,35.0,55.0,73.0,72.0,59.0,64.0,33.0,24.0,64.0,59.0,58.0,38.0,55.0,31.0,59.0,48.0,112.0,42.0,31.0,36.0,34.0,23.0,23.0,16.0,16.0,31.0,42.0,3.0,8.0,23.0,25.0,13.0,32.0,18.0,26.0,33.0,22.0,27.0,27.0,41.0,13.0,38.0,28.0,48.0,47.0,54.0,107.0,42.0,67.0,55.0,115.0,81.0,33.0,174.0,115.0,56.0,27.0,44.0,54.0,48.0,17.0,13.0,50.0,16.0,32.0,31.0,37.0,100.0,52.0,66.0,51.0,7.0,9.0,19.0,17.0,18.0,13.0,26.0,12.0,20.0,8.0,38.0,27.0,52.0,50.0,25.0,17.0,36.0,49.0,42.0,44.0,46.0,33.0,44.0,103.0,56.0,75.0,69.0,98.0,27.0,122.0,36.0,23.0,54.0,51.0,67.0,31.0,29.0,19.0,47.0,70.0,63.0,61.0,76.0,56.0,76.0,157.0,65.0,175.0,91.0,133.0,167.0,139.0,121.0,84.0,86.0,41.0,101.0,108.0,107.0,71.0,65.0,57.0,41.0,14.0,15.0,61.0,26.0,44.0,113.0,26.0,60.0,20.0,9.0,36.0,55.0,37.0,52.0,46.0,71.0,49.0,33.0,30.0,26.0,30.0,24.0,80.0,32.0,40.0,46.0,57.0,112.0,38.0,54.0,61.0,12.0,51.0,68.0,53.0,74.0,55.0,38.0,45.0,61.0,15.0,47.0,111.0,196.0,141.0,16.0,41.0,64.0,38.0,64.0,62.0,79.0,83.0,221.0,62.0,60.0,98.0,43.0,118.0,60.0,355.0,101.0,41.0,15.0,23.0,55.0,45.0,31.0,26.0,124.0,126.0,83.0,225.0,62.0,170.0,91.0,43.0,156.0,89.0,99.0,68.0,56.0,147.0,177.0,,,,53.0,47.0,69.0,61.0,72.0,41.0
